YEAR,MONTH,DAY,DAY_OF_WEEK,AIRLINE,FLIGHT_NUMBER,TAIL_NUMBER,ORIGIN_AIRPORT,DESTINATION_AIRPORT,SCHEDULED_DEPARTURE,DEPARTURE_TIME,DEPARTURE_DELAY,DISTANCE,SCHEDULED_ARRIVAL,ARRIVAL_TIME,ARRIVAL_DELAY,CANCELLED,CANCELLATION_REASON,AIR_SYSTEM_DELAY,SECURITY_DELAY,AIRLINE_DELAY,LATE_AIRCRAFT_DELAY,WEATHER_DELAY
2015,1,1,4,AS,98,N407AS,ANC,SEA,5,2354.0,-11.0,1448,430,408.0,-22.0,0,,,,,,
2015,1,1,4,AA,2336,N3KUAA,LAX,PBI,10,2.0,-8.0,2330,750,741.0,-9.0,0,,,,,,
2015,1,1,4,US,840,N171US,SFO,CLT,20,18.0,-2.0,2296,806,811.0,5.0,0,,,,,,
2015,1,1,4,AA,258,N3HYAA,LAX,MIA,20,15.0,-5.0,2342,805,756.0,-9.0,0,,,,,,
2015,1,1,4,AS,135,N527AS,SEA,ANC,25,24.0,-1.0,1448,320,259.0,-21.0,0,,,,,,
2015,1,1,4,DL,806,N3730B,SFO,MSP,25,20.0,-5.0,1589,602,610.0,8.0,0,,,,,,
2015,1,1,4,NK,612,N635NK,LAS,MSP,25,19.0,-6.0,1299,526,509.0,-17.0,0,,,,,,
2015,1,1,4,US,2013,N584UW,LAX,CLT,30,44.0,14.0,2125,803,753.0,-10.0,0,,,,,,
2015,1,1,4,AA,1112,N3LAAA,SFO,DFW,30,19.0,-11.0,1464,545,532.0,-13.0,0,,,,,,
2015,1,1,4,DL,1173,N826DN,LAS,ATL,30,33.0,3.0,1747,711,656.0,-15.0,0,,,,,,
2015,1,1,4,DL,2336,N958DN,DEN,ATL,30,24.0,-6.0,1199,523,453.0,-30.0,0,,,,,,
2015,1,1,4,AA,1674,N853AA,LAS,MIA,35,27.0,-8.0,2174,803,753.0,-10.0,0,,,,,,
2015,1,1,4,DL,1434,N547US,LAX,MSP,35,35.0,0.0,1535,609,605.0,-4.0,0,,,,,,
2015,1,1,4,DL,2324,N3751B,SLC,ATL,40,34.0,-6.0,1590,615,553.0,-22.0,0,,,,,,
2015,1,1,4,DL,2440,N651DL,SEA,MSP,40,39.0,-1.0,1399,549,557.0,8.0,0,,,,,,
2015,1,1,4,AS,108,N309AS,ANC,SEA,45,41.0,-4.0,1448,509,455.0,-14.0,0,,,,,,
2015,1,1,4,DL,1560,N3743H,ANC,SEA,45,31.0,-14.0,1448,515,451.0,-24.0,0,,,,,,
2015,1,1,4,UA,1197,N78448,SFO,IAH,48,42.0,-6.0,1635,626,619.0,-7.0,0,,,,,,
2015,1,1,4,AS,122,N413AS,ANC,PDX,50,46.0,-4.0,1542,525,507.0,-18.0,0,,,,,,
2015,1,1,4,DL,1670,N806DN,PDX,MSP,50,45.0,-5.0,1426,603,551.0,-12.0,0,,,,,,
2015,1,1,4,NK,520,N525NK,LAS,MCI,55,120.0,25.0,1139,537,543.0,6.0,0,,,,,,
2015,1,1,4,AA,371,N3GXAA,SEA,MIA,100,52.0,-8.0,2724,938,939.0,1.0,0,,,,,,
2015,1,1,4,NK,214,N632NK,LAS,DFW,103,102.0,-1.0,1055,530,529.0,-1.0,0,,,,,,
2015,1,1,4,AA,115,N3CTAA,LAX,MIA,105,103.0,-2.0,2342,851,839.0,-12.0,0,,,,,,
2015,1,1,4,DL,1450,N671DN,LAS,MSP,105,102.0,-3.0,1299,608,545.0,-23.0,0,,,,,,
2015,1,1,4,UA,1545,N76517,LAX,IAH,115,112.0,-3.0,1379,618,607.0,-11.0,0,,,,,,
2015,1,1,4,AS,130,N457AS,FAI,SEA,115,107.0,-8.0,1533,548,545.0,-3.0,0,,,,,,
2015,1,1,4,NK,597,N528NK,MSP,FLL,115,127.0,12.0,1487,542,607.0,25.0,0,,25.0,0.0,0.0,0.0,0.0
2015,1,1,4,US,413,N571UW,LAS,CLT,120,110.0,-10.0,1916,825,754.0,-31.0,0,,,,,,
2015,1,1,4,AA,2392,N3HRAA,DEN,MIA,120,141.0,21.0,1709,707,709.0,2.0,0,,,,,,
2015,1,1,4,NK,168,N629NK,PHX,ORD,125,237.0,72.0,1440,549,632.0,43.0,0,,43.0,0.0,0.0,0.0,0.0
2015,1,1,4,AA,2211,N3CGAA,PHX,MIA,127,116.0,-11.0,1972,726,710.0,-16.0,0,,,,,,
2015,1,1,4,AS,136,N431AS,ANC,SEA,135,,,1448,600,,,1,A,,,,,
2015,1,1,4,DL,95,N320US,SLC,ATL,140,134.0,-6.0,1590,715,725.0,10.0,0,,,,,,
2015,1,1,4,NK,298,N514NK,LAS,IAH,144,140.0,-4.0,1222,634,630.0,-4.0,0,,,,,,
2015,1,1,4,HA,17,N389HA,LAS,HNL,145,145.0,0.0,2762,555,610.0,15.0,0,,0.0,0.0,15.0,0.0,0.0
2015,1,1,4,US,617,N804AW,ANC,PHX,152,143.0,-9.0,2552,915,905.0,-10.0,0,,,,,,
2015,1,1,4,UA,1528,N76519,SJU,EWR,154,157.0,3.0,1608,509,458.0,-11.0,0,,,,,,
2015,1,1,4,AS,134,N464AS,ANC,SEA,155,140.0,-15.0,1448,633,558.0,-35.0,0,,,,,,
2015,1,1,4,B6,304,N607JB,SJU,JFK,155,153.0,-2.0,1598,450,501.0,11.0,0,,,,,,
2015,1,1,4,NK,451,N633NK,PBG,FLL,155,139.0,-16.0,1334,523,450.0,-33.0,0,,,,,,
2015,1,1,4,NK,972,N606NK,PHX,DFW,159,158.0,-1.0,868,502,503.0,1.0,0,,,,,,
2015,1,1,4,AA,2459,N3BDAA,PHX,DFW,200,,,868,500,,,1,B,,,,,
2015,1,1,4,AS,144,N514AS,ANC,PDX,200,150.0,-10.0,1542,630,619.0,-11.0,0,,,,,,
2015,1,1,4,NK,647,N630NK,IAG,FLL,200,155.0,-5.0,1176,504,453.0,-11.0,0,,,,,,
2015,1,1,4,B6,1990,N597JB,SJU,EWR,206,152.0,-14.0,1608,512,516.0,4.0,0,,,,,,
2015,1,1,4,US,699,N172US,PHX,CLT,220,209.0,-11.0,1773,804,728.0,-36.0,0,,,,,,
2015,1,1,4,AS,114,N303AS,ANC,SEA,220,209.0,-11.0,1448,640,628.0,-12.0,0,,,,,,
2015,1,1,4,B6,668,N653JB,PSE,MCO,255,248.0,-7.0,1179,500,451.0,-9.0,0,,,,,,
2015,1,1,4,UA,1162,N37293,BQN,EWR,259,258.0,-1.0,1585,559,605.0,6.0,0,,,,,,
2015,1,1,4,B6,1030,N239JB,BQN,MCO,307,304.0,-3.0,1129,500,520.0,20.0,0,,20.0,0.0,0.0,0.0,0.0
2015,1,1,4,B6,262,N627JB,SJU,BOS,330,316.0,-14.0,1674,635,619.0,-16.0,0,,,,,,
2015,1,1,4,B6,2134,N307JB,SJU,MCO,400,535.0,95.0,1189,605,730.0,85.0,0,,0.0,0.0,85.0,0.0,0.0
2015,1,1,4,B6,730,N621JB,BQN,MCO,419,423.0,4.0,1129,613,606.0,-7.0,0,,,,,,
2015,1,1,4,B6,768,N317JB,PSE,MCO,424,413.0,-11.0,1179,630,629.0,-1.0,0,,,,,,
2015,1,1,4,B6,2276,N646JB,SJU,BDL,438,550.0,72.0,1666,739,908.0,89.0,0,,17.0,0.0,72.0,0.0,0.0
2015,1,1,4,US,602,N197UW,ORD,PHX,500,459.0,-1.0,1440,748,751.0,3.0,0,,,,,,
2015,1,1,4,AS,695,N607AS,GEG,SEA,500,456.0,-4.0,224,610,610.0,0.0,0,,,,,,
2015,1,1,4,HA,102,N492HA,HNL,ITO,500,452.0,-8.0,216,549,543.0,-6.0,0,,,,,,
2015,1,1,4,OO,5467,N701BR,ONT,SFO,500,513.0,13.0,363,629,638.0,9.0,0,,,,,,
2015,1,1,4,HA,108,N476HA,HNL,KOA,502,501.0,-1.0,163,544,549.0,5.0,0,,,,,,
2015,1,1,4,AS,730,N423AS,ANC,SEA,505,457.0,-8.0,1448,930,916.0,-14.0,0,,,,,,
2015,1,1,4,HA,206,N484HA,HNL,OGG,505,454.0,-11.0,100,541,530.0,-11.0,0,,,,,,
2015,1,1,4,UA,1500,N30401,ORD,IAH,510,514.0,4.0,925,805,816.0,11.0,0,,,,,,
2015,1,1,4,AA,1323,N3CXAA,MCO,MIA,510,507.0,-3.0,192,613,602.0,-11.0,0,,,,,,
2015,1,1,4,NK,103,N616NK,BOS,MYR,510,506.0,-4.0,738,730,720.0,-10.0,0,,,,,,
2015,1,1,4,OO,7404,N8982A,HIB,MSP,510,500.0,-10.0,174,618,618.0,0.0,0,,,,,,
2015,1,1,4,OO,7419,N445SW,ABR,MSP,510,508.0,-2.0,257,619,615.0,-4.0,0,,,,,,
2015,1,1,4,OO,5254,N746SK,MAF,IAH,510,,,429,637,,,1,B,,,,,
2015,1,1,4,US,480,N676AW,SEA,PHX,515,510.0,-5.0,1107,900,858.0,-2.0,0,,,,,,
2015,1,1,4,AA,1057,N3ASAA,DFW,MIA,515,703.0,108.0,1121,856,1038.0,102.0,0,,0.0,0.0,0.0,0.0,102.0
2015,1,1,4,AA,2454,N3ETAA,BOS,MIA,515,510.0,-5.0,1258,843,845.0,2.0,0,,,,,,
2015,1,1,4,EV,4354,N12142,MKE,IAH,515,517.0,2.0,984,813,826.0,13.0,0,,,,,,
2015,1,1,4,US,425,N174US,PDX,PHX,520,620.0,60.0,1009,850,950.0,60.0,0,,0.0,0.0,60.0,0.0,0.0
2015,1,1,4,AA,89,N3KVAA,IAH,MIA,520,618.0,58.0,964,841,935.0,54.0,0,,0.0,0.0,54.0,0.0,0.0
2015,1,1,4,DL,2099,N355NW,BNA,DTW,520,511.0,-9.0,456,803,757.0,-6.0,0,,,,,,
2015,1,1,4,EV,4685,N26545,BRO,IAH,520,517.0,-3.0,308,634,629.0,-5.0,0,,,,,,
2015,1,1,4,EV,5583,N882AS,VPS,ATL,520,514.0,-6.0,250,726,711.0,-15.0,0,,,,,,
2015,1,1,4,OO,5484,N824AS,BOI,SFO,520,525.0,5.0,522,612,615.0,3.0,0,,,,,,
2015,1,1,4,OO,7370,N432SW,BJI,MSP,520,517.0,-3.0,199,620,629.0,9.0,0,,,,,,
2015,1,1,4,HA,103,N477HA,HNL,LIH,523,513.0,-10.0,102,600,548.0,-12.0,0,,,,,,
2015,1,1,4,EV,5187,N720EV,BNA,ATL,525,525.0,0.0,214,730,735.0,5.0,0,,,,,,
2015,1,1,4,MQ,2859,N660MQ,SGF,DFW,525,,,364,700,,,1,B,,,,,
2015,1,1,4,UA,1201,N79521,PHL,IAH,530,532.0,2.0,1325,820,826.0,6.0,0,,,,,,
2015,1,1,4,UA,1221,N37281,PDX,DEN,530,534.0,4.0,991,852,856.0,4.0,0,,,,,,
2015,1,1,4,UA,1607,N36476,SEA,DEN,530,529.0,-1.0,1024,907,906.0,-1.0,0,,,,,,
2015,1,1,4,AA,328,N4XKAA,DEN,DFW,530,623.0,53.0,641,835,941.0,66.0,0,,13.0,0.0,53.0,0.0,0.0
2015,1,1,4,EV,5764,N832AS,SBN,ORD,530,527.0,-3.0,84,525,511.0,-14.0,0,,,,,,
2015,1,1,4,F9,1279,N918FR,PHL,MCO,530,526.0,-4.0,861,810,752.0,-18.0,0,,,,,,
2015,1,1,4,NK,409,N509NK,ORD,FLL,530,526.0,-4.0,1182,938,913.0,-25.0,0,,,,,,
2015,1,1,4,OO,5460,N583SW,RDD,SFO,530,,,199,700,,,1,A,,,,,
2015,1,1,4,OO,6391,N593ML,EUG,DEN,530,526.0,-4.0,996,913,926.0,13.0,0,,,,,,
2015,1,1,4,UA,1532,N77066,SFO,DEN,531,550.0,19.0,967,857,923.0,26.0,0,,7.0,0.0,19.0,0.0,0.0
2015,1,1,4,UA,1167,N66837,ORD,DEN,533,540.0,7.0,888,720,723.0,3.0,0,,,,,,
2015,1,1,4,UA,1012,N17245,IAD,IAH,535,541.0,6.0,1190,802,816.0,14.0,0,,,,,,
2015,1,1,4,B6,2001,N358JB,BUF,JFK,535,530.0,-5.0,301,703,648.0,-15.0,0,,,,,,
2015,1,1,4,B6,2807,N190JB,PWM,JFK,535,528.0,-7.0,273,700,635.0,-25.0,0,,,,,,
2015,1,1,4,B6,2023,N324JB,JFK,SJU,535,618.0,43.0,1598,1020,1039.0,19.0,0,,0.0,0.0,19.0,0.0,0.0
2015,1,1,4,EV,4557,N12967,CRP,IAH,535,523.0,-12.0,201,636,615.0,-21.0,0,,,,,,
2015,1,1,4,EV,5241,N849AS,PIA,DTW,535,530.0,-5.0,346,803,745.0,-18.0,0,,,,,,
2015,1,1,4,EV,5498,N132EV,ORD,DTW,535,550.0,15.0,235,800,757.0,-3.0,0,,,,,,
2015,1,1,4,OO,6512,N925SW,FAT,LAX,535,530.0,-5.0,209,650,650.0,0.0,0,,,,,,
2015,1,1,4,UA,1577,N69813,SMF,DEN,538,634.0,56.0,909,900,1018.0,78.0,0,,22.0,0.0,56.0,0.0,0.0
2015,1,1,4,OO,4986,N719SK,AUS,LAX,538,535.0,-3.0,1242,710,654.0,-16.0,0,,,,,,
2015,1,1,4,B6,727,N292JB,BOS,BWI,540,536.0,-4.0,369,721,700.0,-21.0,0,,,,,,
2015,1,1,4,B6,1012,N375JB,ORD,BOS,540,529.0,-11.0,867,856,823.0,-33.0,0,,,,,,
2015,1,1,4,DL,824,N3736C,PHX,DTW,540,808.0,148.0,1671,1123,1331.0,128.0,0,,0.0,0.0,0.0,0.0,128.0
2015,1,1,4,DL,941,N910DN,MCI,ATL,540,546.0,6.0,692,842,827.0,-15.0,0,,,,,,
2015,1,1,4,DL,2079,N389DA,BOS,DTW,540,537.0,-3.0,632,803,742.0,-21.0,0,,,,,,
2015,1,1,4,EV,3268,N14998,ATL,IAD,540,556.0,16.0,534,725,739.0,14.0,0,,,,,,
2015,1,1,4,EV,4160,N11150,JAX,EWR,540,531.0,-9.0,820,757,743.0,-14.0,0,,,,,,
2015,1,1,4,OO,6285,N962SW,MFR,DEN,540,538.0,-2.0,964,921,946.0,25.0,0,,25.0,0.0,0.0,0.0,0.0
2015,1,1,4,OO,5184,N776SK,SLC,IAH,540,537.0,-3.0,1195,953,937.0,-16.0,0,,,,,,
2015,1,1,4,OO,6358,N926SW,IDA,DEN,541,539.0,-2.0,458,725,732.0,7.0,0,,,,,,
2015,1,1,4,F9,161,N905FR,MSN,DEN,544,534.0,-10.0,826,709,658.0,-11.0,0,,,,,,
2015,1,1,4,OO,4833,N554CA,MKE,DTW,545,543.0,-2.0,237,759,738.0,-21.0,0,,,,,,
2015,1,1,4,UA,1119,N69810,GEG,DEN,545,542.0,-3.0,836,904,858.0,-6.0,0,,,,,,
2015,1,1,4,UA,1237,N65832,SEA,IAH,545,541.0,-4.0,1874,1156,1207.0,11.0,0,,,,,,
2015,1,1,4,UA,1540,N78509,DCA,IAH,545,550.0,5.0,1208,814,807.0,-7.0,0,,,,,,
2015,1,1,4,AA,1433,N4YNAA,SAT,DFW,545,539.0,-6.0,247,650,638.0,-12.0,0,,,,,,
2015,1,1,4,AA,2299,N3LLAA,JFK,MIA,545,640.0,55.0,1089,850,959.0,69.0,0,,14.0,0.0,55.0,0.0,0.0
2015,1,1,4,B6,721,N623JB,BOS,PBI,545,551.0,6.0,1197,910,901.0,-9.0,0,,,,,,
2015,1,1,4,B6,917,N606JB,BOS,JFK,545,543.0,-2.0,187,702,649.0,-13.0,0,,,,,,
2015,1,1,4,B6,939,N794JB,JFK,BQN,545,545.0,0.0,1576,1026,1007.0,-19.0,0,,,,,,
2015,1,1,4,DL,1890,N377DA,DFW,ATL,545,603.0,18.0,731,849,847.0,-2.0,0,,,,,,
2015,1,1,4,EV,4646,N29917,CHS,EWR,545,540.0,-5.0,628,741,742.0,1.0,0,,,,,,
2015,1,1,4,F9,365,N218FR,MKE,DEN,545,621.0,36.0,896,726,743.0,17.0,0,,0.0,0.0,17.0,0.0,0.0
2015,1,1,4,F9,117,N933FR,MSP,DEN,545,538.0,-7.0,680,654,646.0,-8.0,0,,,,,,
2015,1,1,4,MQ,2926,N932MQ,CHS,DFW,545,,,987,755,,,1,B,,,,,
2015,1,1,4,OO,2599,N435SW,DEN,LAX,545,658.0,73.0,862,715,811.0,56.0,0,,0.0,0.0,56.0,0.0,0.0
2015,1,1,4,OO,5482,N934SW,SBA,DEN,545,542.0,-3.0,916,919,929.0,10.0,0,,,,,,
2015,1,1,4,OO,6457,N560SW,SMX,LAX,545,,,134,651,,,1,A,,,,,
2015,1,1,4,HA,218,N485HA,HNL,KOA,548,540.0,-8.0,163,630,624.0,-6.0,0,,,,,,
2015,1,1,4,B6,515,N337JB,BOS,BUF,549,540.0,-9.0,395,725,719.0,-6.0,0,,,,,,
2015,1,1,4,UA,228,N439UA,PDX,EWR,550,547.0,-3.0,2434,1404,1329.0,-35.0,0,,,,,,
2015,1,1,4,US,641,N650AW,IND,PHX,550,545.0,-5.0,1488,750,754.0,4.0,0,,,,,,
2015,1,1,4,UA,495,N548UA,LAX,DEN,550,550.0,0.0,862,915,906.0,-9.0,0,,,,,,
2015,1,1,4,UA,507,N808UA,CLE,IAH,550,629.0,39.0,1091,804,847.0,43.0,0,,4.0,0.0,39.0,0.0,0.0
2015,1,1,4,UA,1553,N37290,BOS,EWR,550,552.0,2.0,200,718,659.0,-19.0,0,,,,,,
2015,1,1,4,US,403,N660AW,DEN,PHX,550,550.0,0.0,602,749,739.0,-10.0,0,,,,,,
2015,1,1,4,US,446,N651AW,MCI,PHX,550,544.0,-6.0,1044,748,743.0,-5.0,0,,,,,,
2015,1,1,4,AA,1178,N573AA,AUS,DFW,550,548.0,-2.0,190,650,649.0,-1.0,0,,,,,,
2015,1,1,4,AA,2410,N3BAAA,LAX,DFW,550,600.0,10.0,1235,1050,1052.0,2.0,0,,,,,,
2015,1,1,4,DL,2453,N966DL,GSP,ATL,550,550.0,0.0,153,649,649.0,0.0,0,,,,,,
2015,1,1,4,B6,2228,N231JB,MCO,EWR,550,548.0,-2.0,937,819,812.0,-7.0,0,,,,,,
2015,1,1,4,EV,4555,N13133,MCI,IAH,550,548.0,-2.0,643,805,806.0,1.0,0,,,,,,
2015,1,1,4,EV,5698,N835AS,BDL,IAD,550,543.0,-7.0,326,718,659.0,-19.0,0,,,,,,
2015,1,1,4,MQ,3534,N925MQ,ABI,DFW,550,,,158,645,,,1,B,,,,,
2015,1,1,4,EV,4339,N14179,RIC,IAH,550,548.0,-2.0,1157,815,828.0,13.0,0,,,,,,
2015,1,1,4,OO,6204,N917SW,BFL,DEN,550,556.0,6.0,845,920,940.0,20.0,0,,14.0,0.0,6.0,0.0,0.0
2015,1,1,4,OO,6261,N107SY,SAT,SFO,550,557.0,7.0,1482,759,740.0,-19.0,0,,,,,,
2015,1,1,4,OO,5160,N794SK,OMA,IAH,550,605.0,15.0,781,810,831.0,21.0,0,,6.0,0.0,15.0,0.0,0.0
2015,1,1,4,OO,6224,N956SW,RDM,DEN,550,549.0,-1.0,898,913,919.0,6.0,0,,,,,,
2015,1,1,4,B6,860,N656JB,FLL,BDL,553,551.0,-2.0,1173,839,848.0,9.0,0,,,,,,
2015,1,1,4,EV,5230,N181PQ,CID,ATL,554,554.0,0.0,694,905,848.0,-17.0,0,,,,,,
2015,1,1,4,WN,526,N742SW,SFO,DEN,555,553.0,-2.0,967,925,923.0,-2.0,0,,,,,,
2015,1,1,4,UA,1222,N68452,MCO,LAX,555,557.0,2.0,2218,836,840.0,4.0,0,,,,,,
2015,1,1,4,UA,1507,N31412,TPA,EWR,555,549.0,-6.0,997,831,818.0,-13.0,0,,,,,,
2015,1,1,4,AA,1094,N3DXAA,SEA,DFW,555,555.0,0.0,1660,1150,1206.0,16.0,0,,16.0,0.0,0.0,0.0,0.0
2015,1,1,4,AA,1233,N3HXAA,BOS,DFW,555,551.0,-4.0,1562,930,920.0,-10.0,0,,,,,,
2015,1,1,4,B6,115,N284JB,SYR,JFK,555,550.0,-5.0,209,718,705.0,-13.0,0,,,,,,
2015,1,1,4,B6,185,N334JB,ROC,JFK,555,550.0,-5.0,264,720,703.0,-17.0,0,,,,,,
2015,1,1,4,EV,2519,N905EV,TYR,DFW,555,546.0,-9.0,102,645,636.0,-9.0,0,,,,,,
2015,1,1,4,EV,3928,N11140,MCI,ORD,555,554.0,-1.0,403,729,717.0,-12.0,0,,,,,,
2015,1,1,4,EV,3941,N16561,LAN,ORD,555,555.0,0.0,179,604,610.0,6.0,0,,,,,,
2015,1,1,4,EV,5976,N27200,BUF,EWR,555,928.0,213.0,282,715,1101.0,226.0,0,,13.0,0.0,0.0,0.0,213.0
2015,1,1,4,MQ,3161,N5PBMQ,XNA,DFW,555,,,280,710,,,1,B,,,,,
2015,1,1,4,EV,5677,N12563,GSO,EWR,556,538.0,-18.0,445,730,708.0,-22.0,0,,,,,,
2015,1,1,4,NK,224,N607NK,ORD,LGA,556,547.0,-9.0,733,900,927.0,27.0,0,,27.0,0.0,0.0,0.0,0.0
2015,1,1,4,UA,1457,N76529,LAX,IAH,557,555.0,-2.0,1379,1109,1053.0,-16.0,0,,,,,,
2015,1,1,4,AA,1205,N3FKAA,EWR,MIA,559,552.0,-7.0,1085,902,849.0,-13.0,0,,,,,,
2015,1,1,4,OO,5547,N910SW,ONT,DEN,559,758.0,119.0,819,920,1116.0,116.0,0,,0.0,0.0,0.0,0.0,116.0
2015,1,1,4,UA,210,N830UA,MSP,DEN,600,556.0,-4.0,680,719,656.0,-23.0,0,,,,,,
2015,1,1,4,UA,214,N454UA,PBI,IAH,600,555.0,-5.0,956,750,747.0,-3.0,0,,,,,,
2015,1,1,4,UA,247,N462UA,PHX,IAH,600,751.0,111.0,1009,928,1131.0,123.0,0,,12.0,0.0,0.0,0.0,111.0
2015,1,1,4,UA,256,N464UA,RSW,IAH,600,600.0,0.0,861,736,735.0,-1.0,0,,,,,,
2015,1,1,4,UA,319,N498UA,EWR,MCO,600,603.0,3.0,937,853,835.0,-18.0,0,,,,,,
2015,1,1,4,UA,374,N415UA,OMA,ORD,600,612.0,12.0,416,737,731.0,-6.0,0,,,,,,
2015,1,1,4,US,635,N544UW,SMF,PHX,600,551.0,-9.0,647,850,902.0,12.0,0,,,,,,
2015,1,1,4,US,646,N654AW,OAK,PHX,600,558.0,-2.0,646,855,903.0,8.0,0,,,,,,
2015,1,1,4,US,1941,N708UW,PVD,CLT,600,555.0,-5.0,683,819,805.0,-14.0,0,,,,,,
2015,1,1,4,UA,422,N847UA,RNO,DEN,600,557.0,-3.0,804,910,924.0,14.0,0,,,,,,
2015,1,1,4,UA,544,N831UA,PIT,IAH,600,622.0,22.0,1117,815,839.0,24.0,0,,2.0,0.0,22.0,0.0,0.0
2015,1,1,4,UA,1016,N68807,DEN,IAH,600,552.0,-8.0,862,922,918.0,-4.0,0,,,,,,
2015,1,1,4,WN,4122,N486WN,BOS,BWI,600,556.0,-4.0,369,745,719.0,-26.0,0,,,,,,
2015,1,1,4,WN,4822,N293WN,LAS,BWI,600,602.0,2.0,2106,1330,1305.0,-25.0,0,,,,,,
2015,1,1,4,WN,2215,N249WN,ABQ,HOU,600,607.0,7.0,759,900,922.0,22.0,0,,15.0,0.0,7.0,0.0,0.0
2015,1,1,4,WN,676,N630WN,PHX,SLC,600,601.0,1.0,507,735,729.0,-6.0,0,,,,,,
2015,1,1,4,WN,2787,N910WN,PIT,FLL,600,559.0,-1.0,994,850,824.0,-26.0,0,,,,,,
2015,1,1,4,WN,4859,N8641B,PVD,BWI,600,606.0,6.0,327,740,727.0,-13.0,0,,,,,,
2015,1,1,4,WN,597,N768SW,SFO,ATL,600,554.0,-6.0,2139,1340,1324.0,-16.0,0,,,,,,
2015,1,1,4,UA,1158,N73445,SFO,ORD,600,557.0,-3.0,1846,1217,1213.0,-4.0,0,,,,,,
2015,1,1,4,UA,1163,N24224,MCO,EWR,600,555.0,-5.0,937,834,816.0,-18.0,0,,,,,,
2015,1,1,4,UA,1188,N68822,PDX,IAH,600,613.0,13.0,1825,1204,1215.0,11.0,0,,,,,,
2015,1,1,4,UA,1198,N38451,BOS,ORD,600,557.0,-3.0,867,753,742.0,-11.0,0,,,,,,
2015,1,1,4,UA,1224,N87531,SFO,LAX,600,605.0,5.0,337,728,717.0,-11.0,0,,,,,,
2015,1,1,4,UA,1296,N37471,SAT,LAX,600,616.0,16.0,1211,727,724.0,-3.0,0,,,,,,
2015,1,1,4,UA,1431,N36207,BOS,LAX,600,603.0,3.0,2611,944,939.0,-5.0,0,,,,,,
2015,1,1,4,UA,1637,N33294,SEA,EWR,600,606.0,6.0,2402,1411,1357.0,-14.0,0,,,,,,
2015,1,1,4,UA,1735,N66814,LAX,ORD,600,607.0,7.0,1744,1210,1154.0,-16.0,0,,,,,,
2015,1,1,4,US,410,N765US,IAH,PHX,600,553.0,-7.0,1009,750,746.0,-4.0,0,,,,,,
2015,1,1,4,US,459,N536UW,MCO,PHX,600,557.0,-3.0,1849,841,851.0,10.0,0,,,,,,
2015,1,1,4,US,610,N560UW,SFO,PHX,600,557.0,-3.0,651,854,857.0,3.0,0,,,,,,
2015,1,1,4,AA,72,N5EKAA,DFW,MCO,600,606.0,6.0,985,925,928.0,3.0,0,,,,,,
2015,1,1,4,AA,196,N3FBAA,MIA,PHL,600,604.0,4.0,1013,844,858.0,14.0,0,,,,,,
2015,1,1,4,AA,304,N4XHAA,SLC,DFW,600,601.0,1.0,989,950,1002.0,12.0,0,,,,,,
2015,1,1,4,AA,175,N3EWAA,DCA,DFW,600,,,1192,835,,,1,B,,,,,
2015,1,1,4,AA,281,N3FXAA,MIA,DFW,600,559.0,-1.0,1121,814,813.0,-1.0,0,,,,,,
2015,1,1,4,AA,233,N3BEAA,BWI,MIA,600,643.0,43.0,946,843,914.0,31.0,0,,0.0,0.0,31.0,0.0,0.0
2015,1,1,4,AA,1100,N3GWAA,DFW,LGA,600,554.0,-6.0,1389,1010,1005.0,-5.0,0,,,,,,
2015,1,1,4,AA,1103,N3HCAA,LGA,DFW,600,,,1389,905,,,1,B,,,,,
2015,1,1,4,AA,1028,N3BFAA,DEN,ORD,600,601.0,1.0,888,935,908.0,-27.0,0,,,,,,
2015,1,1,4,AA,1039,N541AA,MCI,DFW,600,606.0,6.0,460,745,748.0,3.0,0,,,,,,
2015,1,1,4,AA,1055,N573AA,MCO,DFW,600,,,985,805,,,1,B,,,,,
2015,1,1,4,AA,1180,N3AYAA,SFO,DFW,600,,,1464,1130,,,1,B,,,,,
2015,1,1,4,AA,1345,N439AA,TUL,DFW,600,556.0,-4.0,237,715,704.0,-11.0,0,,,,,,
2015,1,1,4,AA,1297,N3JYAA,LGA,MIA,600,708.0,68.0,1096,912,1002.0,50.0,0,,0.0,0.0,50.0,0.0,0.0
2015,1,1,4,AA,1411,N585AA,LIT,DFW,600,555.0,-5.0,304,720,710.0,-10.0,0,,,,,,
2015,1,1,4,AA,1084,N3GFAA,MIA,LGA,600,558.0,-2.0,1096,855,846.0,-9.0,0,,,,,,
2015,1,1,4,AA,1088,N201AA,LAS,DFW,600,557.0,-3.0,1055,1040,1047.0,7.0,0,,,,,,
2015,1,1,4,AA,1534,N4YPAA,PDX,DFW,600,556.0,-4.0,1616,1145,1142.0,-3.0,0,,,,,,
2015,1,1,4,AA,1573,N467AA,TPA,DFW,600,554.0,-6.0,929,750,730.0,-20.0,0,,,,,,
2015,1,1,4,AA,1660,N567AA,SMF,DFW,600,611.0,11.0,1431,1130,1201.0,31.0,0,,20.0,0.0,11.0,0.0,0.0
2015,1,1,4,AA,2204,N3GKAA,MSY,MIA,600,555.0,-5.0,675,849,836.0,-13.0,0,,,,,,
2015,1,1,4,AA,1515,N3HMAA,LAX,ORD,600,557.0,-3.0,1744,1205,1139.0,-26.0,0,,,,,,
2015,1,1,4,AA,2307,N505AA,OMA,DFW,600,554.0,-6.0,583,800,805.0,5.0,0,,,,,,
2015,1,1,4,AA,2363,N560AA,OKC,DFW,600,610.0,10.0,175,705,735.0,30.0,0,,20.0,0.0,10.0,0.0,0.0
2015,1,1,4,AS,81,N577AS,SEA,ANC,600,557.0,-3.0,1448,854,841.0,-13.0,0,,,,,,
2015,1,1,4,AS,162,N792AS,FAI,ANC,600,544.0,-16.0,261,713,704.0,-9.0,0,,,,,,
2015,1,1,4,AS,200,N767AS,SEA,SJC,600,550.0,-10.0,697,803,754.0,-9.0,0,,,,,,
2015,1,1,4,AS,342,N440AS,SEA,OAK,600,555.0,-5.0,671,759,743.0,-16.0,0,,,,,,
2015,1,1,4,AS,406,N589AS,PDX,SJC,600,555.0,-5.0,569,742,729.0,-13.0,0,,,,,,
2015,1,1,4,AS,477,N453AS,LAX,SEA,600,555.0,-5.0,954,850,841.0,-9.0,0,,,,,,
2015,1,1,4,AS,631,N512AS,PHX,SEA,600,555.0,-5.0,1107,755,743.0,-12.0,0,,,,,,
2015,1,1,4,AS,683,N618AS,DEN,SEA,600,549.0,-11.0,1024,810,736.0,-34.0,0,,,,,,
2015,1,1,4,AS,699,N532AS,GEG,SEA,600,558.0,-2.0,224,715,718.0,3.0,0,,,,,,
2015,1,1,4,B6,130,N510JB,RSW,JFK,600,557.0,-3.0,1074,841,839.0,-2.0,0,,,,,,
2015,1,1,4,B6,154,N536JB,PBI,JFK,600,559.0,-1.0,1028,834,843.0,9.0,0,,,,,,
2015,1,1,4,B6,353,N570JB,JFK,PBI,600,554.0,-6.0,1028,858,836.0,-22.0,0,,,,,,
2015,1,1,4,B6,226,N648JB,TPA,JFK,600,553.0,-7.0,1005,831,826.0,-5.0,0,,,,,,
2015,1,1,4,B6,272,N556JB,FLL,LGA,600,559.0,-1.0,1076,841,843.0,2.0,0,,,,,,
2015,1,1,4,B6,447,N527JB,OAK,LGB,600,552.0,-8.0,353,720,710.0,-10.0,0,,,,,,
2015,1,1,4,B6,371,N708JB,LGA,FLL,600,600.0,0.0,1076,903,857.0,-6.0,0,,,,,,
2015,1,1,4,B6,583,N531JB,JFK,MCO,600,557.0,-3.0,944,851,832.0,-19.0,0,,,,,,
2015,1,1,4,B6,605,N766JB,EWR,FLL,600,556.0,-4.0,1065,900,839.0,-21.0,0,,,,,,
2015,1,1,4,B6,525,N645JB,JFK,TPA,600,554.0,-6.0,1005,901,900.0,-1.0,0,,,,,,
2015,1,1,4,B6,746,N587JB,PSE,JFK,600,557.0,-3.0,1617,901,856.0,-5.0,0,,,,,,
2015,1,1,4,B6,776,N236JB,MSY,JFK,600,550.0,-10.0,1182,948,930.0,-18.0,0,,,,,,
2015,1,1,4,B6,794,N519JB,AUS,JFK,600,559.0,-1.0,1521,1023,1013.0,-10.0,0,,,,,,
2015,1,1,4,B6,838,N715JB,BQN,JFK,600,601.0,1.0,1576,852,907.0,15.0,0,,14.0,0.0,1.0,0.0,0.0
2015,1,1,4,B6,892,N598JB,TPA,BOS,600,554.0,-6.0,1185,853,841.0,-12.0,0,,,,,,
2015,1,1,4,B6,1678,N618JB,JAX,JFK,600,600.0,0.0,828,808,816.0,8.0,0,,,,,,
2015,1,1,4,B6,1790,N203JB,DCA,BOS,600,557.0,-3.0,399,724,725.0,1.0,0,,,,,,
2015,1,1,4,DL,421,N967DL,JFK,ATL,600,605.0,5.0,760,843,824.0,-19.0,0,,,,,,
2015,1,1,4,DL,731,N323NB,LGA,DTW,600,604.0,4.0,502,758,757.0,-1.0,0,,,,,,
2015,1,1,4,DL,743,N341NW,RNO,SLC,600,600.0,0.0,422,840,858.0,18.0,0,,18.0,0.0,0.0,0.0,0.0
2015,1,1,4,DL,750,N995AT,BOS,JFK,600,556.0,-4.0,187,720,712.0,-8.0,0,,,,,,
2015,1,1,4,DL,809,N931DN,BOS,MSP,600,600.0,0.0,1124,830,832.0,2.0,0,,,,,,
2015,1,1,4,DL,904,N3748Y,LGA,ATL,600,601.0,1.0,762,839,807.0,-32.0,0,,,,,,
2015,1,1,4,DL,977,N988DL,ORD,ATL,600,602.0,2.0,606,907,846.0,-21.0,0,,,,,,
2015,1,1,4,DL,1088,N682DA,ANC,MSP,600,557.0,-3.0,2519,1417,1337.0,-40.0,0,,,,,,
2015,1,1,4,DL,1098,N966AT,ATW,ATL,600,601.0,1.0,765,923,851.0,-32.0,0,,,,,,
2015,1,1,4,DL,1205,N612DL,PHX,ATL,600,804.0,124.0,1587,1127,1314.0,107.0,0,,0.0,0.0,0.0,0.0,107.0
2015,1,1,4,DL,1234,N912DE,PNS,ATL,600,554.0,-6.0,271,809,749.0,-20.0,0,,,,,,
2015,1,1,4,DL,1235,N358NW,MCO,SLC,600,554.0,-6.0,1931,904,854.0,-10.0,0,,,,,,
2015,1,1,4,AA,1462,N547AA,ONT,DFW,600,,,1188,1100,,,1,B,,,,,
2015,1,1,4,AA,913,N3JVAA,DCA,MIA,600,605.0,5.0,919,837,836.0,-1.0,0,,,,,,
2015,1,1,4,DL,1961,N947DN,RIC,ATL,600,554.0,-6.0,481,753,725.0,-28.0,0,,,,,,
2015,1,1,4,DL,2154,N813DN,LAX,ATL,600,559.0,-1.0,1947,1310,1250.0,-20.0,0,,,,,,
2015,1,1,4,DL,2282,N974DL,BOS,ATL,600,558.0,-2.0,946,911,849.0,-22.0,0,,,,,,
2015,1,1,4,DL,2417,N554NW,LAS,DTW,600,559.0,-1.0,1749,1253,1231.0,-22.0,0,,,,,,
2015,1,1,4,DL,1540,N903DE,OKC,ATL,600,550.0,-10.0,761,904,901.0,-3.0,0,,,,,,
2015,1,1,4,DL,1574,N532US,MCO,MSP,600,550.0,-10.0,1310,829,822.0,-7.0,0,,,,,,
2015,1,1,4,DL,1700,N952DL,MEM,ATL,600,617.0,17.0,332,822,816.0,-6.0,0,,,,,,
2015,1,1,4,DL,1867,N934AT,TUL,ATL,600,555.0,-5.0,674,858,834.0,-24.0,0,,,,,,
2015,1,1,4,DL,1937,N905DA,BWI,DTW,600,551.0,-9.0,409,742,723.0,-19.0,0,,,,,,
2015,1,1,4,B6,159,N193JB,BOS,PHL,600,554.0,-6.0,280,739,718.0,-21.0,0,,,,,,
2015,1,1,4,B6,198,N523JB,MCO,LGA,600,557.0,-3.0,950,825,827.0,2.0,0,,,,,,
2015,1,1,4,B6,1502,N535JB,FLL,JFK,600,610.0,10.0,1069,843,900.0,17.0,0,,7.0,0.0,10.0,0.0,0.0
2015,1,1,4,B6,1504,N640JB,SJU,JFK,600,627.0,27.0,1598,902,1001.0,59.0,0,,32.0,0.0,27.0,0.0,0.0
2015,1,1,4,B6,1600,N351JB,BOS,DCA,600,552.0,-8.0,399,747,724.0,-23.0,0,,,,,,
2015,1,1,4,EV,2533,N906EV,TYS,DFW,600,559.0,-1.0,772,735,745.0,10.0,0,,,,,,
2015,1,1,4,EV,4213,N17560,MHT,ORD,600,555.0,-5.0,843,753,749.0,-4.0,0,,,,,,
2015,1,1,4,EV,4431,N14158,SAV,EWR,600,726.0,86.0,708,806,931.0,85.0,0,,85.0,0.0,0.0,0.0,0.0
2015,1,1,4,EV,4411,N14568,MEM,EWR,600,552.0,-8.0,946,938,918.0,-20.0,0,,,,,,
2015,1,1,4,EV,4756,N13908,CLT,ORD,600,559.0,-1.0,599,703,721.0,18.0,0,,18.0,0.0,0.0,0.0,0.0
2015,1,1,4,EV,4768,N16987,TYS,IAD,600,553.0,-7.0,419,725,723.0,-2.0,0,,,,,,
2015,1,1,4,EV,4740,N11107,GRB,ORD,600,556.0,-4.0,173,703,653.0,-10.0,0,,,,,,
2015,1,1,4,EV,5103,N846AS,ABE,DTW,600,552.0,-8.0,425,753,733.0,-20.0,0,,,,,,
2015,1,1,4,EV,5275,N861AS,JAN,ATL,600,559.0,-1.0,341,819,809.0,-10.0,0,,,,,,
2015,1,1,4,EV,5491,N838AS,OAJ,ATL,600,552.0,-8.0,399,732,729.0,-3.0,0,,,,,,
2015,1,1,4,EV,5978,N21129,FAR,ORD,600,603.0,3.0,557,803,803.0,0.0,0,,,,,,
2015,1,1,4,EV,5917,N13997,JAN,ORD,600,556.0,-4.0,677,814,755.0,-19.0,0,,,,,,
2015,1,1,4,EV,6133,N12996,ERI,ORD,600,616.0,16.0,398,632,651.0,19.0,0,,3.0,0.0,16.0,0.0,0.0
2015,1,1,4,EV,6082,N12122,ATW,ORD,600,600.0,0.0,160,703,703.0,0.0,0,,,,,,
2015,1,1,4,EV,6122,N16559,LEX,ORD,600,556.0,-4.0,323,630,619.0,-11.0,0,,,,,,
2015,1,1,4,EV,6143,N12921,CWA,ORD,600,550.0,-10.0,212,716,713.0,-3.0,0,,,,,,
2015,1,1,4,F9,865,,MSO,DEN,600,,,679,800,,,1,A,,,,,
2015,1,1,4,F9,1256,,ORD,MIA,600,,,1197,1000,,,1,A,,,,,
2015,1,1,4,F9,1104,N211FR,CLE,FLL,600,556.0,-4.0,1062,855,833.0,-22.0,0,,,,,,
2015,1,1,4,F9,1057,N919FR,IAH,SFO,600,552.0,-8.0,1635,820,814.0,-6.0,0,,,,,,
2015,1,1,4,F9,144,N924FR,SEA,DEN,600,605.0,5.0,1024,933,933.0,0.0,0,,,,,,
2015,1,1,4,F9,1056,N929FR,SFO,IAH,600,552.0,-8.0,1635,1145,1146.0,1.0,0,,,,,,
2015,1,1,4,F9,901,N939FR,TTN,ATL,600,557.0,-3.0,701,819,808.0,-11.0,0,,,,,,
2015,1,1,4,F9,902,N949FR,ATL,TTN,600,619.0,19.0,701,750,814.0,24.0,0,,5.0,0.0,19.0,0.0,0.0
2015,1,1,4,HA,202,N491HA,HNL,ITO,600,553.0,-7.0,216,650,646.0,-4.0,0,,,,,,
2015,1,1,4,MQ,2898,N514MQ,MAF,DFW,600,,,309,710,,,1,B,,,,,
2015,1,1,4,MQ,2957,N504MQ,AMA,DFW,600,,,312,720,,,1,B,,,,,
2015,1,1,4,MQ,2962,N609MQ,CLL,DFW,600,,,164,700,,,1,B,,,,,
2015,1,1,4,MQ,3014,N908MQ,HOU,DFW,600,,,247,710,,,1,B,,,,,
2015,1,1,4,MQ,3015,N825MQ,DFW,BTR,600,,,383,718,,,1,B,,,,,
2015,1,1,4,MQ,3079,N646MQ,JLN,DFW,600,,,327,720,,,1,B,,,,,
2015,1,1,4,MQ,3189,N532MQ,CID,DFW,600,,,685,820,,,1,B,,,,,
2015,1,1,4,MQ,3302,N649MQ,MLI,DFW,600,,,691,825,,,1,B,,,,,
2015,1,1,4,MQ,3338,N925MQ,GSP,DFW,600,,,862,750,,,1,B,,,,,
2015,1,1,4,MQ,3350,N830MQ,RDU,JFK,600,555.0,-5.0,427,735,738.0,3.0,0,,,,,,
2015,1,1,4,MQ,3355,N618MQ,CVG,MIA,600,556.0,-4.0,948,833,826.0,-7.0,0,,,,,,
2015,1,1,4,MQ,3251,N615MQ,MHK,DFW,600,,,431,740,,,1,B,,,,,
2015,1,1,4,MQ,3377,N631MQ,MOB,DFW,600,,,539,750,,,1,B,,,,,
2015,1,1,4,MQ,3441,N698MQ,TLH,DFW,600,,,767,730,,,1,B,,,,,
2015,1,1,4,MQ,3540,N602MQ,PNS,MIA,600,555.0,-5.0,530,843,831.0,-12.0,0,,,,,,
2015,1,1,4,MQ,3488,N620MQ,BHM,MIA,600,600.0,0.0,661,857,852.0,-5.0,0,,,,,,
2015,1,1,4,MQ,3597,N612MQ,CVG,DFW,600,,,812,745,,,1,B,,,,,
2015,1,1,4,MQ,3611,N902MQ,CAE,DFW,600,,,922,805,,,1,B,,,,,
2015,1,1,4,MQ,3678,N625MQ,TXK,DFW,600,,,181,700,,,1,B,,,,,
2015,1,1,4,NK,188,N505NK,OAK,LAS,600,551.0,-9.0,407,723,715.0,-8.0,0,,,,,,
2015,1,1,4,NK,925,N634NK,DFW,OAK,600,600.0,0.0,1457,758,729.0,-29.0,0,,,,,,
2015,1,1,4,NK,943,N605NK,ACY,RSW,600,742.0,102.0,982,851,1017.0,86.0,0,,86.0,0.0,0.0,0.0,0.0
2015,1,1,4,NK,316,N601NK,DTW,LGA,600,558.0,-2.0,502,738,836.0,58.0,0,,58.0,0.0,0.0,0.0,0.0
2015,1,1,4,NK,972,N606NK,DFW,FLL,600,603.0,3.0,1119,939,1014.0,35.0,0,,35.0,0.0,0.0,0.0,0.0
2015,1,1,4,OO,2622,N492SW,SMF,LAX,600,551.0,-9.0,373,730,728.0,-2.0,0,,,,,,
2015,1,1,4,OO,6360,N952SW,RAP,DEN,600,600.0,0.0,300,722,730.0,8.0,0,,,,,,
2015,1,1,4,OO,6369,N763SK,TUS,SFO,600,604.0,4.0,751,714,720.0,6.0,0,,,,,,
2015,1,1,4,OO,5330,N652BR,EAU,ORD,600,552.0,-8.0,268,719,650.0,-29.0,0,,,,,,
2015,1,1,4,OO,5292,N971SW,DLH,ORD,600,556.0,-4.0,397,736,732.0,-4.0,0,,,,,,
2015,1,1,4,OO,6276,N715SK,FSD,ORD,600,557.0,-3.0,462,736,738.0,2.0,0,,,,,,
2015,1,1,4,OO,6235,N114SY,AUS,SFO,600,556.0,-4.0,1504,809,753.0,-16.0,0,,,,,,
2015,1,1,4,OO,3489,N227AG,FAT,SEA,600,557.0,-3.0,748,810,813.0,3.0,0,,,,,,
2015,1,1,4,OO,3461,N223AG,ONT,PDX,600,550.0,-10.0,838,827,808.0,-19.0,0,,,,,,
2015,1,1,4,OO,7423,N427SW,INL,BRD,600,550.0,-10.0,153,658,655.0,-3.0,0,,,,,,
2015,1,1,4,OO,5318,N946SW,CMX,ORD,600,,,359,627,,,1,B,,,,,
2015,1,1,4,OO,5445,N579SW,SMF,SFO,600,,,86,652,,,1,A,,,,,
2015,1,1,4,OO,5242,N744SK,BOI,LAX,600,639.0,39.0,674,710,740.0,30.0,0,,0.0,0.0,30.0,0.0,0.0
2015,1,1,4,OO,5462,N929EV,SPI,ORD,600,604.0,4.0,174,704,709.0,5.0,0,,,,,,
2015,1,1,4,OO,5466,N568SW,CLD,LAX,600,654.0,54.0,86,651,819.0,88.0,0,,34.0,0.0,0.0,0.0,54.0
2015,1,1,4,OO,5550,N594SW,COD,DEN,600,559.0,-1.0,391,733,732.0,-1.0,0,,,,,,
2015,1,1,4,OO,5574,N563SW,FAT,SFO,600,600.0,0.0,158,714,721.0,7.0,0,,,,,,
2015,1,1,4,MQ,3221,N682MQ,CMH,MIA,600,555.0,-5.0,990,846,835.0,-11.0,0,,,,,,
2015,1,1,4,MQ,3224,N631MQ,LRD,DFW,600,,,396,720,,,1,B,,,,,
2015,1,1,4,OO,5522,N796SK,PSC,DEN,600,601.0,1.0,852,922,926.0,4.0,0,,,,,,
2015,1,1,4,OO,5592,N494CA,CPR,DEN,600,604.0,4.0,230,712,721.0,9.0,0,,,,,,
2015,1,1,4,OO,5604,N292SW,ACV,SFO,600,550.0,-10.0,250,723,733.0,10.0,0,,,,,,
2015,1,1,4,OO,5170,N791SK,DAL,IAH,600,622.0,22.0,216,708,720.0,12.0,0,,,,,,
2015,1,1,4,OO,5429,N958SW,PAH,ORD,600,551.0,-9.0,342,733,710.0,-23.0,0,,,,,,
2015,1,1,4,OO,5435,N976SW,PSC,SFO,600,556.0,-4.0,620,807,806.0,-1.0,0,,,,,,
2015,1,1,4,OO,6378,N767SK,CID,ORD,600,610.0,10.0,196,708,707.0,-1.0,0,,,,,,
2015,1,1,4,OO,6401,N740SK,EUG,SFO,600,557.0,-3.0,451,736,729.0,-7.0,0,,,,,,
2015,1,1,4,OO,6332,N708SK,DFW,DEN,600,556.0,-4.0,641,705,714.0,9.0,0,,,,,,
2015,1,1,4,OO,6346,N291SW,MRY,SFO,600,555.0,-5.0,77,646,634.0,-12.0,0,,,,,,
2015,1,1,4,OO,6465,N495CA,SLC,LAX,600,604.0,4.0,590,712,706.0,-6.0,0,,,,,,
2015,1,1,4,OO,7392,N438SW,ESC,DTW,600,558.0,-2.0,306,727,706.0,-21.0,0,,,,,,
2015,1,1,4,OO,6403,N983SW,MFR,SFO,600,557.0,-3.0,329,729,723.0,-6.0,0,,,,,,
2015,1,1,4,OO,6497,N913SW,FAT,DEN,600,559.0,-1.0,844,925,958.0,33.0,0,,33.0,0.0,0.0,0.0,0.0
2015,1,1,4,UA,576,N817UA,SFO,EWR,601,552.0,-9.0,2565,1432,1409.0,-23.0,0,,,,,,
2015,1,1,4,UA,1410,N76523,LAS,IAH,601,601.0,0.0,1222,1056,1049.0,-7.0,0,,,,,,
2015,1,1,4,UA,1689,N39461,EWR,SFO,601,602.0,1.0,2565,940,920.0,-20.0,0,,,,,,
2015,1,1,4,EV,6020,N11121,ISN,DEN,601,559.0,-2.0,576,710,701.0,-9.0,0,,,,,,
2015,1,1,4,HA,113,N486HA,HNL,LIH,601,557.0,-4.0,102,638,636.0,-2.0,0,,,,,,
2015,1,1,4,OO,5629,N726SK,PSP,SFO,601,632.0,31.0,421,735,752.0,17.0,0,,0.0,0.0,0.0,0.0,17.0
2015,1,1,4,OO,6420,N924SW,PSP,DEN,601,812.0,131.0,776,912,1136.0,144.0,0,,13.0,0.0,0.0,0.0,131.0
2015,1,1,4,UA,223,N816UA,SAT,IAH,602,610.0,8.0,191,700,700.0,0.0,0,,,,,,
2015,1,1,4,UA,996,N406UA,LAX,EWR,603,603.0,0.0,2454,1422,1350.0,-32.0,0,,,,,,
2015,1,1,4,UA,1721,N75425,LAX,SFO,603,601.0,-2.0,337,730,716.0,-14.0,0,,,,,,
2015,1,1,4,EV,4390,N15986,CLE,IAD,603,558.0,-5.0,288,725,724.0,-1.0,0,,,,,,
2015,1,1,4,EV,5732,N833AS,CAE,IAD,603,605.0,2.0,401,725,732.0,7.0,0,,,,,,
2015,1,1,4,F9,756,N948FR,PHX,DEN,603,603.0,0.0,602,750,754.0,4.0,0,,,,,,
2015,1,1,4,UA,234,N838UA,SMF,IAH,605,613.0,8.0,1609,1141,1200.0,19.0,0,,11.0,0.0,8.0,0.0,0.0
2015,1,1,4,UA,415,N509UA,JFK,SFO,605,605.0,0.0,2586,949,945.0,-4.0,0,,,,,,
2015,1,1,4,US,647,N664AW,BOS,PHX,605,614.0,9.0,2300,1014,1027.0,13.0,0,,,,,,
2015,1,1,4,US,829,N723UW,BOS,CLT,605,601.0,-4.0,728,832,829.0,-3.0,0,,,,,,
2015,1,1,4,US,1743,N839AW,DTW,MIA,605,601.0,-4.0,1145,911,845.0,-26.0,0,,,,,,
2015,1,1,4,UA,1023,N73276,FLL,EWR,605,600.0,-5.0,1065,859,849.0,-10.0,0,,,,,,
2015,1,1,4,WN,2505,N467WN,GEG,DEN,605,604.0,-1.0,836,925,916.0,-9.0,0,,,,,,
2015,1,1,4,WN,239,N653SW,SAT,STL,605,559.0,-6.0,786,805,743.0,-22.0,0,,,,,,
2015,1,1,4,WN,474,N614SW,ONT,DEN,605,609.0,4.0,819,925,925.0,0.0,0,,,,,,
2015,1,1,4,UA,1245,N39726,CLE,EWR,605,602.0,-3.0,404,736,715.0,-21.0,0,,,,,,
2015,1,1,4,US,560,N663AW,DFW,PHX,605,612.0,7.0,868,742,750.0,8.0,0,,,,,,
2015,1,1,4,AA,310,N201AA,MFE,DFW,605,,,469,740,,,1,B,,,,,
2015,1,1,4,AA,375,N4WLAA,STL,DFW,605,557.0,-8.0,550,805,748.0,-17.0,0,,,,,,
2015,1,1,4,AA,378,N3BGAA,SJU,MIA,605,557.0,-8.0,1045,750,801.0,11.0,0,,,,,,
2015,1,1,4,AA,1291,N4XYAA,MKE,DFW,605,605.0,0.0,853,900,849.0,-11.0,0,,,,,,
2015,1,1,4,AS,320,N622AS,SEA,SFO,605,602.0,-3.0,679,810,807.0,-3.0,0,,,,,,
2015,1,1,4,AS,602,N407AS,SEA,LAS,605,602.0,-3.0,867,825,825.0,0.0,0,,,,,,
2015,1,1,4,B6,233,N247JB,BTV,JFK,605,553.0,-12.0,266,733,717.0,-16.0,0,,,,,,
2015,1,1,4,B6,601,N559JB,JFK,FLL,605,603.0,-2.0,1069,913,911.0,-2.0,0,,,,,,
2015,1,1,4,B6,735,N821JB,SFO,LGB,605,557.0,-8.0,354,726,712.0,-14.0,0,,,,,,
2015,1,1,4,B6,922,N809JB,PBI,BOS,605,621.0,16.0,1197,857,925.0,28.0,0,,12.0,0.0,16.0,0.0,0.0
2015,1,1,4,B6,1184,N641JB,MCO,JFK,605,600.0,-5.0,944,831,841.0,10.0,0,,,,,,
2015,1,1,4,B6,1434,N503JB,SJU,MCO,605,738.0,93.0,1189,813,941.0,88.0,0,,0.0,0.0,0.0,88.0,0.0
2015,1,1,4,DL,1065,N975DL,BDL,ATL,605,601.0,-4.0,859,857,831.0,-26.0,0,,,,,,
2015,1,1,4,DL,1456,N3759,RDU,ATL,605,701.0,56.0,356,735,814.0,39.0,0,,0.0,0.0,39.0,0.0,0.0
2015,1,1,4,DL,1723,N336NB,SFO,SLC,605,604.0,-1.0,599,854,852.0,-2.0,0,,,,,,
2015,1,1,4,EV,4642,N14143,TUS,IAH,605,613.0,8.0,936,927,946.0,19.0,0,,11.0,0.0,8.0,0.0,0.0
2015,1,1,4,EV,4928,N933EV,PIA,ATL,605,600.0,-5.0,565,901,837.0,-24.0,0,,,,,,
2015,1,1,4,F9,609,N223FR,IND,DEN,605,556.0,-9.0,977,702,643.0,-19.0,0,,,,,,
2015,1,1,4,F9,821,N920FR,MCI,DEN,605,607.0,2.0,533,654,700.0,6.0,0,,,,,,
2015,1,1,4,F9,133,N951FR,DFW,DEN,605,702.0,57.0,641,707,759.0,52.0,0,,0.0,0.0,52.0,0.0,0.0
2015,1,1,4,MQ,2881,N907MQ,FSM,DFW,605,,,227,715,,,1,B,,,,,
2015,1,1,4,MQ,2771,N667MQ,AEX,DFW,605,,,285,725,,,1,B,,,,,
2015,1,1,4,MQ,3288,N838MQ,SPS,DFW,605,,,113,650,,,1,B,,,,,
2015,1,1,4,MQ,3328,N640MQ,ACT,DFW,605,,,89,650,,,1,B,,,,,
2015,1,1,4,MQ,3408,N625MQ,SJT,DFW,605,,,229,705,,,1,B,,,,,
2015,1,1,4,MQ,3643,N923MQ,JAN,DFW,605,,,408,745,,,1,B,,,,,
2015,1,1,4,HA,286,N480HA,HNL,OGG,605,600.0,-5.0,100,641,640.0,-1.0,0,,,,,,
2015,1,1,4,OO,5181,N788SK,OKC,LAX,605,602.0,-3.0,1187,724,733.0,9.0,0,,,,,,
2015,1,1,4,OO,6499,N945SW,FAR,DEN,605,610.0,5.0,627,726,723.0,-3.0,0,,,,,,
2015,1,1,4,UA,1160,N76522,SFO,IAH,606,601.0,-5.0,1635,1159,1157.0,-2.0,0,,,,,,
2015,1,1,4,UA,1601,N37466,EWR,FLL,606,558.0,-8.0,1065,915,838.0,-37.0,0,,,,,,
2015,1,1,4,OO,6461,N959SW,MTJ,DEN,606,559.0,-7.0,196,715,717.0,2.0,0,,,,,,
2015,1,1,4,NK,606,N623NK,RSW,DTW,607,601.0,-6.0,1084,853,900.0,7.0,0,,,,,,
2015,1,1,4,OO,7389,N561SW,GCC,RKS,607,602.0,-5.0,261,724,715.0,-9.0,0,,,,,,
2015,1,1,4,UA,220,N813UA,MSY,EWR,608,606.0,-2.0,1167,1000,946.0,-14.0,0,,,,,,
2015,1,1,4,UA,654,N422UA,ORD,MCO,608,603.0,-5.0,1005,951,930.0,-21.0,0,,,,,,
2015,1,1,4,EV,6119,N16951,RIC,ORD,608,608.0,0.0,642,725,729.0,4.0,0,,,,,,
2015,1,1,4,OO,5456,N920SW,RDM,SFO,608,559.0,-9.0,462,750,727.0,-23.0,0,,,,,,
2015,1,1,4,HA,205,N484HA,OGG,HNL,609,601.0,-8.0,100,641,637.0,-4.0,0,,,,,,
2015,1,1,4,OO,4494,N431SW,SJC,SLC,609,559.0,-10.0,584,911,923.0,12.0,0,,,,,,
2015,1,1,4,OO,5370,N979SW,ORD,MBS,610,607.0,-3.0,222,816,803.0,-13.0,0,,,,,,
2015,1,1,4,US,1709,N677AW,EWR,CLT,610,616.0,6.0,529,811,826.0,15.0,0,,9.0,0.0,6.0,0.0,0.0
2015,1,1,4,WN,828,N8303R,PHX,BWI,610,610.0,0.0,1999,1220,1156.0,-24.0,0,,,,,,
2015,1,1,4,UA,1632,N37464,SEA,IAD,610,605.0,-5.0,2306,1404,1335.0,-29.0,0,,,,,,
2015,1,1,4,UA,1725,N72405,LAS,SFO,610,606.0,-4.0,414,746,726.0,-20.0,0,,,,,,
2015,1,1,4,AA,168,N5BSAA,DFW,MIA,610,603.0,-7.0,1121,953,935.0,-18.0,0,,,,,,
2015,1,1,4,AA,1315,N424AA,BNA,DFW,610,,,631,825,,,1,B,,,,,
2015,1,1,4,AA,1336,N3LCAA,PHX,DFW,610,603.0,-7.0,868,925,919.0,-6.0,0,,,,,,
2015,1,1,4,AA,1619,N3AMAA,BOS,MIA,610,605.0,-5.0,1258,946,929.0,-17.0,0,,,,,,
2015,1,1,4,AA,1686,N4XXAA,LAX,STL,610,609.0,-1.0,1592,1145,1134.0,-11.0,0,,,,,,
2015,1,1,4,AS,345,N469AS,OAK,SEA,610,608.0,-2.0,671,809,801.0,-8.0,0,,,,,,
2015,1,1,4,AS,454,N442AS,SEA,LAX,610,611.0,1.0,954,845,841.0,-4.0,0,,,,,,
2015,1,1,4,B6,57,N348JB,BOS,IAD,610,603.0,-7.0,413,801,737.0,-24.0,0,,,,,,
2015,1,1,4,B6,24,N923JB,LAX,JFK,610,620.0,10.0,2475,1424,1413.0,-11.0,0,,,,,,
2015,1,1,4,B6,1279,N355JB,DCA,FLL,610,603.0,-7.0,899,845,831.0,-14.0,0,,,,,,
2015,1,1,4,B6,1836,N281JB,DTW,BOS,610,603.0,-7.0,632,808,733.0,-35.0,0,,,,,,
2015,1,1,4,AA,1361,N3KYAA,BNA,LAX,610,607.0,-3.0,1797,855,847.0,-8.0,0,,,,,,
2015,1,1,4,DL,327,N692DL,PHL,ATL,610,608.0,-2.0,666,845,814.0,-31.0,0,,,,,,
2015,1,1,4,DL,1492,N819DN,PHX,MSP,610,756.0,106.0,1276,1016,1149.0,93.0,0,,0.0,0.0,0.0,0.0,93.0
2015,1,1,4,B6,1554,N760JB,SJU,FLL,610,625.0,15.0,1046,753,812.0,19.0,0,,4.0,0.0,15.0,0.0,0.0
2015,1,1,4,EV,4556,N41104,VPS,IAH,610,607.0,-3.0,528,809,806.0,-3.0,0,,,,,,
2015,1,1,4,EV,6071,N14186,GUC,DEN,610,617.0,7.0,152,709,721.0,12.0,0,,,,,,
2015,1,1,4,F9,1252,N910FR,MIA,LGA,610,648.0,38.0,1096,905,945.0,40.0,0,,26.0,0.0,14.0,0.0,0.0
2015,1,1,4,MQ,3323,N613MQ,RIC,MIA,610,609.0,-1.0,825,851,836.0,-15.0,0,,,,,,
2015,1,1,4,MQ,3601,N530MQ,DTW,LGA,610,603.0,-7.0,502,755,730.0,-25.0,0,,,,,,
2015,1,1,4,MQ,3551,N663MQ,ORF,MIA,610,605.0,-5.0,802,846,842.0,-4.0,0,,,,,,
2015,1,1,4,OO,5572,N970SW,MOT,DEN,610,600.0,-10.0,604,723,654.0,-29.0,0,,,,,,
2015,1,1,4,AA,1312,N021AA,STL,MIA,611,603.0,-8.0,1068,1000,932.0,-28.0,0,,,,,,
2015,1,1,4,B6,269,N834JB,BOS,FLL,611,607.0,-4.0,1237,944,924.0,-20.0,0,,,,,,
2015,1,1,4,EV,4506,N12552,MLU,IAH,612,641.0,29.0,262,725,753.0,28.0,0,,28.0,0.0,0.0,0.0,0.0
2015,1,1,4,OO,5337,N961SW,MAF,DEN,612,,,563,708,,,1,B,,,,,
2015,1,1,4,NK,562,N510NK,LAX,LAS,613,608.0,-5.0,236,721,712.0,-9.0,0,,,,,,
2015,1,1,4,UA,416,N496UA,PDX,ORD,614,612.0,-2.0,1739,1209,1156.0,-13.0,0,,,,,,
2015,1,1,4,B6,1403,N763JB,JFK,SJU,614,612.0,-2.0,1598,1057,1034.0,-23.0,0,,,,,,
2015,1,1,4,HA,107,N476HA,KOA,HNL,614,620.0,6.0,163,656,707.0,11.0,0,,,,,,
2015,1,1,4,OO,4681,N783CA,EUG,SLC,614,607.0,-7.0,618,909,859.0,-10.0,0,,,,,,
2015,1,1,4,US,1754,N815AW,RNO,PHX,615,605.0,-10.0,601,902,857.0,-5.0,0,,,,,,
2015,1,1,4,US,1789,N543UW,PHX,CLT,615,629.0,14.0,1773,1203,1156.0,-7.0,0,,,,,,
2015,1,1,4,WN,1966,N466WN,CMH,ATL,615,831.0,136.0,447,805,1001.0,116.0,0,,0.0,0.0,116.0,0.0,0.0
2015,1,1,4,WN,2351,N7728D,HOU,ATL,615,612.0,-3.0,696,905,858.0,-7.0,0,,,,,,
2015,1,1,4,WN,137,N621SW,HOU,PHX,615,613.0,-2.0,1020,810,806.0,-4.0,0,,,,,,
2015,1,1,4,AA,1125,N3KCAA,DTW,DFW,615,,,986,820,,,1,B,,,,,
2015,1,1,4,AA,1165,N3ACAA,BOS,JFK,615,613.0,-2.0,187,730,717.0,-13.0,0,,,,,,
2015,1,1,4,AA,1581,N3KGAA,DFW,DCA,615,,,1192,959,,,1,B,,,,,
2015,1,1,4,AA,2253,N437AA,MSP,DFW,615,618.0,3.0,852,900,854.0,-6.0,0,,,,,,
2015,1,1,4,AS,504,N627AS,SEA,SNA,615,609.0,-6.0,978,850,845.0,-5.0,0,,,,,,
2015,1,1,4,B6,99,N274JB,BDL,DCA,615,607.0,-8.0,313,755,732.0,-23.0,0,,,,,,
2015,1,1,4,B6,962,N709JB,SJU,BOS,615,731.0,76.0,1674,922,1052.0,90.0,0,,14.0,0.0,76.0,0.0,0.0
2015,1,1,4,B6,2006,N566JB,FLL,EWR,615,615.0,0.0,1065,900,908.0,8.0,0,,,,,,
2015,1,1,4,DL,828,N910AT,MOB,ATL,615,613.0,-2.0,302,823,810.0,-13.0,0,,,,,,
2015,1,1,4,DL,978,N693DL,SAN,SLC,615,611.0,-4.0,626,916,906.0,-10.0,0,,,,,,
2015,1,1,4,DL,985,N352NW,LAS,SLC,615,609.0,-6.0,368,841,828.0,-13.0,0,,,,,,
2015,1,1,4,DL,1275,N920DN,DCA,DTW,615,609.0,-6.0,405,755,758.0,3.0,0,,,,,,
2015,1,1,4,DL,2384,N361NB,SMF,SLC,615,608.0,-7.0,532,853,909.0,16.0,0,,16.0,0.0,0.0,0.0,0.0
2015,1,1,4,DL,1610,N385DN,DEN,DTW,615,613.0,-2.0,1123,1119,1035.0,-44.0,0,,,,,,
2015,1,1,4,DL,1866,N827DN,SFO,ATL,615,616.0,1.0,2139,1345,1342.0,-3.0,0,,,,,,
2015,1,1,4,DL,1919,N321NB,LGA,MSP,615,611.0,-4.0,1020,824,820.0,-4.0,0,,,,,,
2015,1,1,4,EV,2522,N879AS,LAW,DFW,615,1219.0,364.0,140,710,1326.0,376.0,0,,12.0,0.0,364.0,0.0,0.0
2015,1,1,4,EV,2512,N901EV,BRO,DFW,615,604.0,-11.0,482,750,726.0,-24.0,0,,,,,,
2015,1,1,4,EV,2572,N876AS,PIB,MEI,615,607.0,-8.0,69,700,649.0,-11.0,0,,,,,,
2015,1,1,4,EV,4531,N14204,CHS,IAH,615,623.0,8.0,925,807,843.0,36.0,0,,28.0,0.0,8.0,0.0,0.0
2015,1,1,4,EV,4655,N13202,MEM,IAH,615,621.0,6.0,468,805,814.0,9.0,0,,,,,,
2015,1,1,4,EV,5123,N847AS,MGM,ATL,615,609.0,-6.0,147,806,754.0,-12.0,0,,,,,,
2015,1,1,4,F9,582,N221FR,SLC,DEN,615,617.0,2.0,391,747,801.0,14.0,0,,,,,,
2015,1,1,4,F9,439,N931FR,OMA,DEN,615,609.0,-6.0,472,700,648.0,-12.0,0,,,,,,
2015,1,1,4,MQ,2958,N657MQ,FAR,DFW,615,,,968,915,,,1,B,,,,,
2015,1,1,4,MQ,3432,N546MQ,DCA,JFK,615,859.0,164.0,213,718,959.0,161.0,0,,0.0,46.0,115.0,0.0,0.0
2015,1,1,4,MQ,3613,N932MQ,MSN,DFW,615,,,821,855,,,1,B,,,,,
2015,1,1,4,MQ,3568,N528MQ,CMH,LGA,615,610.0,-5.0,479,750,730.0,-20.0,0,,,,,,
2015,1,1,4,OO,5348,N562SW,SBP,LAX,615,613.0,-2.0,156,726,717.0,-9.0,0,,,,,,
2015,1,1,4,OO,5256,N789SK,COS,IAH,615,614.0,-1.0,809,934,947.0,13.0,0,,,,,,
2015,1,1,4,OO,4747,N810SK,OAK,SLC,615,612.0,-3.0,588,905,904.0,-1.0,0,,,,,,
2015,1,1,4,OO,5464,N296SW,LAR,DEN,615,611.0,-4.0,113,708,719.0,11.0,0,,,,,,
